{"properties": [
  {
    "name": "eureka.client.serviceUrl.defaultZone",
    "type": "java.lang.String",
    "description": "A description for 'eureka.client.serviceUrl.defaultZone'"
  },
  {
    "name": "spring.cloud.config.import-check.enabled",
    "type": "java.lang.String",
    "description": "A description for 'spring.cloud.config.import-check.enabled'"
  },
  {
    "name": "eureka.client.serviceUrl.defaultZone",
    "type": "java.lang.String",
    "description": "A description for 'eureka.client.serviceUrl.defaultZone'"
  },
  {
    "name": "eureka.client.serviceUrl.defaultZone",
    "type": "java.lang.String",
    "description": "A description for 'eureka.client.serviceUrl.defaultZone'"
  },
  {
    "name": "eureka.client.serviceUrl.defaultZone",
    "type": "java.lang.String",
    "description": "A description for 'eureka.client.serviceUrl.defaultZone'"
  }
]}